text,intent,word_count
i need $20000 transferred from my savings to my checking,transfer,10
complete a transaction from savings to checking of $20000,transfer,9
transfer $20000 from my savings account to checking account,transfer,9
take $20000 from savings and put it in checking,transfer,9
put $20000 into my checking account from my savings account,transfer,10
send 100 dollars between bank of the west and bank of america acccounts,transfer,13
send 50 dollars between bank of america and chase accounts,transfer,10
send 2000 dollars between chase and rabobank accounts,transfer,8
send 1200 dollars between usaa and navy federal accounts,transfer,9
send 400 dollars between city bank and usaa accounts,transfer,9
take $40 and transfer it to account a from b,transfer,10
transfer $40 from account a to b,transfer,7
move $40 from account b to account a,transfer,8
put $40 from account a to b,transfer,7
take $40 from account a and transfer it to account b,transfer,11
i need to transfer from this account to that one,transfer,10
need to transfer from one account to my other one,transfer,10
i would like to transfer from one account to my second one,transfer,12
i need to transfer from one account to my second one,transfer,11
i have to transfer from one account to my other one,transfer,11
send fifty dollars from me to carrie,transfer,7
transfer sixty dollars to dad from my biggest accnt,transfer,9
send over a hundred dollars from huntington into saving,transfer,9
move 57 dollars from saving into mom,transfer,7
transfer two hundred dollars between my portfolio and my money market account,transfer,12
i need to transfer ten dollars from my bank of america account to my capital one account,transfer,17
go ahead and send ten dollars from bank of america to capital one,transfer,13
i must transfer ten dollars from my bank of america account to my capital one account,transfer,16
i got to transfer ten dollars from my bank of america account to my capital one account,transfer,17
i want you to send ten dollars from bank of america to capital one,transfer,14
i need you to send ten dollars from bank of america to capital one,transfer,14
i have to transfer ten dollars from my bank of america account to my capital one account,transfer,17
send ten dollars from bank of america to capital one,transfer,10
please send ten dollars from bank of america to capital one,transfer,11
make a transfer of $200 from my savings account to my checking account,transfer,13
please transfer $250 from checking to savings,transfer,7
transfer $500 from my checking to my savings,transfer,8
please transfer $100 from my checking to my savings account,transfer,10
transfer $500 from my money market savings account to my checking account,transfer,12
send money from one account to another,transfer,7
transfer 200 dollars from paypal to savings,transfer,7
transfer $10 from checking to savings,transfer,6
send $100 from paypal to my bank,transfer,7
please transfer 100 dollars between my amazon payments and savings accounts,transfer,11
i would like to make a transfer,transfer,7
i want to transfer funds between accounts,transfer,7
send over 50 dollars between my shared and not shared accounts,transfer,11
whats the quickest way to money from one account to another,transfer,11
what is the process to move money from one account to another,transfer,12
i need you to send 500 dollars from my high tier account to my regular checking account,transfer,17
can you transfer money from a to b,transfer,8
send my money between accounts,transfer,5
how can i send money from one account to another,transfer,10
i need to move money from one account to another,transfer,10
send $20 from debit to steve's account,transfer,7
send 20 dollars from savings to checking,transfer,7
please transfer my funds,transfer,4
please transfer $50 to my checking account from credit,transfer,9
go ahead and move $200 from amazon to my bank account,transfer,11
help me move my money,transfer,5
i need my money to be moved,transfer,7
help me move my money please,transfer,6
i need to move my money,transfer,6
move my money please,transfer,4
i would like to transfer $5 from savings to checking,transfer,10
transfer $5 from savings to checking,transfer,6
can you transfer $5 from savings to checking,transfer,8
send $5 from savings to checking,transfer,6
please transfer $5 from savings to checking,transfer,7
please switch $s checking to mortage,transfer,6
please transfer $s from saving to checking,transfer,7
could you transfer $x from saving to checking,transfer,8
help me transfer $x from credit to debit,transfer,8
please transfer $x from checking to saving,transfer,7
transfer money to another account,transfer,5
requesting money transfer between accounts,transfer,5
transfer money from this account to that account,transfer,8
can you transfer money from my account,transfer,7
money transfer request,transfer,3
send 100 dollars from checking to savings,transfer,7
transfer 100 dollars checking to savings,transfer,6
transfer 100 dollars between checking and savings,transfer,7
take 100 dollars from checking and send it to savings,transfer,10
move 100 dollars from checking to savings,transfer,7
can we wire some money over to the other account i have,transfer,12
time to move some cash from one account to another,transfer,10
i need to throw some money into that other account,transfer,10
let's send some money to another account,transfer,7
i want to initiate a transfer from one account to the other,transfer,12
transfer money from one place to another,transfer,7
move money from one account to another,transfer,7
transfer between two accounts,transfer,4
make a transfer between accounts,transfer,5
send money to another account,transfer,5
i need ten dollars sent from b of a to washington mutual,transfer,12
transfer fifty dollars between my chase and bank of america account,transfer,11
deposit ten bucks from my chase account to my ally account,transfer,11
put a hundred dollars in my ally account from bluebird,transfer,10
i want seventy bucks transferred from b of a to chase,transfer,11
can i initiate a one-time transfer from my savings account to my money market account,transfer,15
what things can you help me with exactly,what_can_i_ask_you,8
what are the things you can help me with,what_can_i_ask_you,9
what exactly can you help me with,what_can_i_ask_you,7
what can you help me with exactly,what_can_i_ask_you,7
what can you help me with,what_can_i_ask_you,6
what kinds of questions can you answer,what_can_i_ask_you,7
tell me the subject areas you are familiar with,what_can_i_ask_you,9
what sorts of subjects are you well versed in,what_can_i_ask_you,9
what are the subject areas you are knowledgable in,what_can_i_ask_you,9
what kinds of things are you knowledgable about,what_can_i_ask_you,8
tell me the types of things i can ask you about,what_can_i_ask_you,11
what sorts of things can i ask you about,what_can_i_ask_you,9
tell me what you are capable of answering,what_can_i_ask_you,8
what sorts of queries should i give you,what_can_i_ask_you,8
what sorts of subjects do you know about,what_can_i_ask_you,8
what type of questions may i ask you,what_can_i_ask_you,8
which types of questions may i ask you,what_can_i_ask_you,8
what kind of questions may i ask you,what_can_i_ask_you,8
which types of questions can i ask you,what_can_i_ask_you,8
what kind of questions can i ask you,what_can_i_ask_you,8
what topics can i ask you about,what_can_i_ask_you,7
what information can i ask you,what_can_i_ask_you,6
what subjects do you know something about,what_can_i_ask_you,7
what kinds of questions can i ask you,what_can_i_ask_you,8
what types of things do you know,what_can_i_ask_you,7
what kind of questions do you accept,what_can_i_ask_you,7
what questions are permissible,what_can_i_ask_you,4
what can i ask you,what_can_i_ask_you,5
what are my list of commands,what_can_i_ask_you,6
what are the kinds of things you can help me with,what_can_i_ask_you,11
what kind of questions are you good at answering,what_can_i_ask_you,9
can i ask you about anything,what_can_i_ask_you,6
can you help me with anything i need,what_can_i_ask_you,8
what all can you do,what_can_i_ask_you,5
what things do you know about,what_can_i_ask_you,6
what are you able to help me with,what_can_i_ask_you,8
what types of things are you able to do,what_can_i_ask_you,9
what can you answer for me,what_can_i_ask_you,6
is there anything i can't ask you,what_can_i_ask_you,7
what questions do you respond to,what_can_i_ask_you,6
what should i ask you about,what_can_i_ask_you,6
what are you able to answer,what_can_i_ask_you,6
what's the sort of thing i should ask,what_can_i_ask_you,8
what kind of things can you answer,what_can_i_ask_you,7
what things can you do,what_can_i_ask_you,5
what can you do,what_can_i_ask_you,4
what types of questions do you have a response for,what_can_i_ask_you,10
what kinds of questions can you respond to,what_can_i_ask_you,8
what do you have answers for,what_can_i_ask_you,6
what questions am i allowed to ask,what_can_i_ask_you,7
what kinds of things can you do,what_can_i_ask_you,7
ai can you tell me what things i may ask,what_can_i_ask_you,10
"what can i ask you, ai",what_can_i_ask_you,6
what am i able to ask the ai,what_can_i_ask_you,8
"ai, tell me what things i should ask of you",what_can_i_ask_you,10
what sorts of things am i able to ask of you ai,what_can_i_ask_you,12
how can i get you to help me,what_can_i_ask_you,8
what types of things can i ask you,what_can_i_ask_you,8
what sort of things can you help me with,what_can_i_ask_you,9
what are you able to do,what_can_i_ask_you,6
what can i use you to help me with,what_can_i_ask_you,9
how can i use you,what_can_i_ask_you,5
what subjects do you know,what_can_i_ask_you,5
what subjects are you familiar with,what_can_i_ask_you,6
what subjects do you know about,what_can_i_ask_you,6
what types of subjects do you know,what_can_i_ask_you,7
what are you familiar with,what_can_i_ask_you,5
what do you know,what_can_i_ask_you,4
what subjects are you versed in,what_can_i_ask_you,6
can you tell me the subjects you know best,what_can_i_ask_you,9
tell me the subjects you're aware of,what_can_i_ask_you,7
let me know what subjects you comprehend well,what_can_i_ask_you,8
what are the sorts of things i can ask you about,what_can_i_ask_you,11
what questions are you programmed to answer,what_can_i_ask_you,7
what kinds of things can i ask you,what_can_i_ask_you,8
what kinds of questions can i ask of you,what_can_i_ask_you,9
are there certain types of questions i can ask you,what_can_i_ask_you,10
what kinds of things would you be able to help me with,what_can_i_ask_you,12
i need to know what kind of things you can help with,what_can_i_ask_you,12
i want to know what sort of things you can assist me with,what_can_i_ask_you,13
what sort of things are you able to help with,what_can_i_ask_you,10
let me know what you can assist me with,what_can_i_ask_you,9
how can i benefit from using you,what_can_i_ask_you,7
how can you assist me,what_can_i_ask_you,5
i wanna know the types of subjects are you familiar with,what_can_i_ask_you,11
i wish to know the types of subjects are you familiar with,what_can_i_ask_you,12
please inform me of the types of subjects are you familiar with,what_can_i_ask_you,12
what can you be asked about,what_can_i_ask_you,6
tell me the types of subjects are you familiar with,what_can_i_ask_you,10
i would like to know the types of subjects are you familiar with,what_can_i_ask_you,13
what can i ask you all about,what_can_i_ask_you,7
are you familiar with any types of subjects,what_can_i_ask_you,8
what skills do you have,what_can_i_ask_you,5
what are your capabilities,what_can_i_ask_you,4
what topics are you versed in,what_can_i_ask_you,6
what sort of stuff do you know,what_can_i_ask_you,7
what subjects do you know well,what_can_i_ask_you,6
what can i ask you to accomplish,what_can_i_ask_you,7
what tasks can you complete for me,what_can_i_ask_you,7
what type of questions are you partial to that i can ask you,what_can_i_ask_you,13
savings account balance at chase bank please,balance,7
check chase bank for my checking balance,balance,7
what is my checking account balance at chase,balance,8
i want my checking balance at chase,balance,7
what's my savings balance at chase,balance,6
do i have enough money in my chime bank account to take ashley to the movies tuesday,balance,17
check my visa account and see if i have enough money for dinner tonight,balance,14
is tehre enough in my bluebird account for groceries this week,balance,11
do i have enough in my sears account to buy a new dishwasher,balance,13
is there enough money in my discover account for a new pair of jeans,balance,14
what is the total of my bank accounts,balance,8
what is in my bank accounts,balance,6
what is the balance on my bank accounts,balance,8
what is remaining in my bank acccounts,balance,7
how much money is left in my bank accounts,balance,9
what amount of money is in my bank accounts,balance,9
what is the balance of my bank accounts,balance,8
what what kind money is available in my bank accounts,balance,10
what is the value of my bank accounts,balance,8
how much funds do i have in my bank accounts,balance,10
what's my checking account balance,balance,5
how much do i have in my checking,balance,8
what's the balance of my savings,balance,6
how much is in savings,balance,5
how much money is in my checking account,balance,8
what's the amount of money accumulated in my bank accounts,balance,10
what's my current bank savings,balance,5
how much total cash do i have in the bank,balance,10
what's my current checking balance,balance,5
can you tell me my current bank accounts balance,balance,9
what's the balance of my bank accounts,balance,7
what is my current balance on my home equity line of credit,balance,12
please find my balance on my chase mastercard,balance,8
can you tell me my checking account balance,balance,8
perform a search for my most recent balance on my amex account,balance,12
how much is the current balance in my td bank savings account,balance,12
what is my balance in checking account,balance,7
how much is available in my savings account,balance,8
tell me what i have in my money market account,balance,10
how much money do i have in my account,balance,9
how much is left of mastercard,balance,6
what is the available balance in savings,balance,7
what is the balance on my visa,balance,7
do i have enough money in my chase account for a new refrigerator,balance,13
do i have enough money in my charles schwab account to get a new baseball bat,balance,16
i'd like to know my bank balance please,balance,8
what's the balance on my bank account,balance,7
will the money in my capital one account cover a new washing machine,balance,13
could you check my bank balance for me,balance,8
will the amount in my chase bank account right now cover the cost of a new dryer,balance,17
i want to get a new shirt; will the money in my td ameritrade account cover it,balance,17
how much do i have in the bank,balance,8
what's my bank balance,balance,4
what is my bank balance,balance,5
is there any money left,balance,5
do i have any cash left,balance,6
can you tell me how much cash i have,balance,9
do i have enough in my boa account for a new pair of skis,balance,14
do i have enough in my chase account for new nikes,balance,11
can the funds in my wells fargo account cover my lift tickets,balance,12
do i have enough to cover new skis in my bank of america account,balance,14
do i have enough in my chase account for a plane ticket,balance,12
do you know how much i have in checking,balance,9
what is my saving's account balance,balance,6
what's the balance in my checking,balance,6
how much do i have in savings,balance,7
could you tell me what my checking account balance is,balance,10
what's my total net worth in all of my bank accounts,balance,11
what's my account balance,balance,4
i want to view my balance,balance,6
check my bank balance,balance,4
how much money do i have in all of my accounts,balance,11
how much money do i have in all of my accounts combined,balance,12
what's my checking balance,balance,4
how much money do i have total,balance,7
what's the total of my bank accounts,balance,7
how much money do i have in checking,balance,8
i wish to know the balance of my bank of american account,balance,12
what is the balance of my bank of american account,balance,10
i need to know my bank balance,balance,7
i wanna know the balance of my bank of american account,balance,11
i'd like to know the balance of my bank of american account,balance,12
i wish to know the balance of my bank of american account now,balance,13
please tell me my bank balance,balance,6
i wanna know my bank balance,balance,6
please let me know what my current bank balance is,balance,10
what is status of my bank account,balance,7
what is my balance,balance,4
what is the balance of my bank account,balance,8
what is is the details of my bank account,balance,9
is there enough money in my discover account for a vacation,balance,11
is there enough money in my account for expenses,balance,9
do i have enough money in my first hawaiian bank account for a vacation,balance,14
is there enough money in my bank of hawaii for vacation,balance,11
is there enough money in my discover account for airplane tickets,balance,11
what is my savings account balance,balance,6
what is my savings balance,balance,5
what is my money market account balance,balance,7
what is my bank balance for all accounts,balance,8
tell me my payroll account balance,balance,6
can you block my chase account right away please,freeze_account,9
i want my chase account blocked immediately,freeze_account,7
i need you to block my chase account immediately,freeze_account,9
can you put a block on my chase account right away,freeze_account,11
please block my chase account right away,freeze_account,7
what do i do to freeze my account,freeze_account,8
place a hold on my bank account,freeze_account,7
how can i stop transactions on my account,freeze_account,8
freeze my account immediately,freeze_account,4
block my monkey market right now,freeze_account,6
put a stop on my deposit account,freeze_account,7
stop any future processing on my savings account,freeze_account,8
put a hault on my savings account,freeze_account,7
"could you put a stop on my bank account, please",freeze_account,10
can you put a stop on my bank account now,freeze_account,10
"can you put a stop on my bank account, please",freeze_account,10
could you freeze my account,freeze_account,5
"could you freeze my account, please",freeze_account,6
can you put a stop on my bank account,freeze_account,9
"can you freeze my account, please",freeze_account,6
could you freeze my account now,freeze_account,6
can you freeze my account,freeze_account,5
could you put a stop on my bank account,freeze_account,9
do you mind putting a stop on my bank account,freeze_account,10
i would like you to put a stop on my bank account,freeze_account,12
please turn my account to frozen,freeze_account,6
please make my account a frozen one,freeze_account,7
please make sure my account is frozen,freeze_account,7
is it too much trouble to put a stop on my bank account,freeze_account,13
i would love it if you could put a stop on my bank account,freeze_account,14
i would appreciate it if you put a stop on my bank account,freeze_account,13
please set my account as frozen,freeze_account,6
please freeze my account,freeze_account,4
i need my account frozen,freeze_account,5
i'd like my account frozen,freeze_account,5
i would like my account frozen,freeze_account,6
i want my account frozen,freeze_account,5
i really want my account frozen,freeze_account,6
no payments on my bank account,freeze_account,6
turn off my bank account,freeze_account,5
stop all payments to my bank account,freeze_account,7
shut down my account,freeze_account,4
close out my account,freeze_account,4
turn off my account,freeze_account,4
i need to hold off on my account,freeze_account,8
plase hold my account for now,freeze_account,6
terminate the account,freeze_account,3
i am going to need a block put on my chase account right away,freeze_account,14
would you please put a block on my chase account right away,freeze_account,12
i would like a block put on my chase account asap,freeze_account,11
can you please put a block on my chase account quickly,freeze_account,11
i need a block put on my chase account right away,freeze_account,11
i need to put a freeze on my banking account,freeze_account,10
put a freeze on my bank account,freeze_account,7
freeze my bank account,freeze_account,4
can i freeze my bank account,freeze_account,6
i want you to immediatly block any further activity on my bb&t bank account,freeze_account,14
block my citibank account right away,freeze_account,6
add a block to my capital one bank account so it cannot be used any more,freeze_account,16
please immediatly block my presidential bank account right now,freeze_account,9
put a block on my amalgamated bank account right now,freeze_account,10
please put a stop on my back account,freeze_account,8
please put a block on my td ameritrade account now,freeze_account,10
i'd like a stop placed on my bank account,freeze_account,9
place a block on my capital one account right now,freeze_account,10
i'd like a block on my charles schwab account immediately,freeze_account,10
"i need you to place a stop on my bank account, thank you",freeze_account,13
place a stop on my bank account,freeze_account,7
i need you to freeze my account,freeze_account,7
i need you to block my mutualone account now,freeze_account,9
"help me freeze my bank account, please",freeze_account,7
i'd like to put a freeze on my bank account,freeze_account,10
block my chase account asap,freeze_account,5
can you please freeze my bank account,freeze_account,7
can you please put a stop on my bank account,freeze_account,10
pause my account,freeze_account,3
put a hold on my bank account,freeze_account,7
please do a stop on my bank account,freeze_account,8
stop payments from my bank,freeze_account,5
put a hold on my account,freeze_account,6
stop my account activity,freeze_account,4
please pause my banking actions,freeze_account,5
dont allow any action on my account,freeze_account,7
don't let payments go through using my bank account,freeze_account,9
please freeze my bank account,freeze_account,5
i want my bank account frozen,freeze_account,6
my bank account must be frozen,freeze_account,6
please ask the bank to freeze my account,freeze_account,8
i need to freeze my bank account,freeze_account,7
put a block on my chase account right away,freeze_account,9
put a hold on my chase account right away please,freeze_account,10
freeze my account,freeze_account,3
place a stop on my main account for me please,freeze_account,10
please put a block on my wells fargo account,freeze_account,9
put a hold on my bank account please,freeze_account,8
put a hold on my bank of america account right away please,freeze_account,12
can you notify the bank to put a stop on my account,freeze_account,12
can you put a stop on my account,freeze_account,8
i need a stop placed on my bank account please,freeze_account,10
can you put a block on my visa account right away,freeze_account,11
can you suggest a restaurant for me to eat tonight,restaurant_suggestion,10
tell me where to go since i want to eat out tonight,restaurant_suggestion,12
"i'm craving for italian food, where should i go",restaurant_suggestion,9
"suggest a restaurant for me to eat tonight, please",restaurant_suggestion,9
"i'm not going to cook today, can you suggest a restaurant",restaurant_suggestion,11
what restaurants are pet friendly near here,restaurant_suggestion,7
what are the best restaurants,restaurant_suggestion,5
what decent restaurants around here are italian,restaurant_suggestion,7
do you know any good restaurants good for kids,restaurant_suggestion,9
any good pizza restaurants around here,restaurant_suggestion,6
where should i go to eat tonight,restaurant_suggestion,7
where should i eat tonight,restaurant_suggestion,5
"i want to eat out, where should i go",restaurant_suggestion,9
give me some good restaurants,restaurant_suggestion,5
"i'm hungry, where should i go",restaurant_suggestion,6
name a good restaurant near me,restaurant_suggestion,6
where should i go for dinner,restaurant_suggestion,6
its date night and we cant decide where to go help,restaurant_suggestion,11
where do people go to eat in this town,restaurant_suggestion,9
i am hungry and need a restaurant suggestion,restaurant_suggestion,8
can you tell me the best place for cajun shrimp in tampa,restaurant_suggestion,12
what's a good place to eat chinese in san francisco,restaurant_suggestion,10
what's a highly rated place for steak in omaha,restaurant_suggestion,9
where can i pick up a good burger near where i am,restaurant_suggestion,12
what's a good place to go to for food around here,restaurant_suggestion,11
are there any decent places to get seafood in seattle,restaurant_suggestion,10
what's the best place for some thai in new york city,restaurant_suggestion,11
i'm famished so give me some places to eat!,restaurant_suggestion,9
any ideas on a good place to eat out,restaurant_suggestion,9
can you recommend any restaurants,restaurant_suggestion,5
"i'm in the mood for italian, are there any good places around",restaurant_suggestion,12
please list nearby restaurants with 4 or more star reviews,restaurant_suggestion,10
where's a good place to get some grub,restaurant_suggestion,8
where would you eat italian in chicago,restaurant_suggestion,7
can i get good tacos anywhere in austin,restaurant_suggestion,8
is there a good fish place in salem,restaurant_suggestion,8
what are good places for a burrito in albuquerque,restaurant_suggestion,9
where should i go out for food to,restaurant_suggestion,8
can you recommend a decent place in chicago to get pizza,restaurant_suggestion,11
do you know of any good restaurants,restaurant_suggestion,7
help me find a good sushi spot in chicago,restaurant_suggestion,9
can you find me a good restaurant to try eating at,restaurant_suggestion,11
i want you to recommend a good local restaurant to me,restaurant_suggestion,11
tell me some good mexican restaurants in dallas,restaurant_suggestion,8
do you know of any good seafood restaurants in seattle,restaurant_suggestion,10
please find me some good thai restaurants in new york city,restaurant_suggestion,11
find me a good spot for southern comfort food in los angeles,restaurant_suggestion,12
are there any good restaurants in nyc that serve barbecue,restaurant_suggestion,10
"i want to go out to eat but have no idea where to go, do you know of any places",restaurant_suggestion,20
i want recommendations for good sushi spots in los angeles,restaurant_suggestion,10
do you know of any good mexican restaurants in seattle,restaurant_suggestion,10
does boise have any good indian restaurants,restaurant_suggestion,7
can you suggest some quality chinese restaurants in oklahoma city,restaurant_suggestion,10
help me pick a nice restaurant to dine at,restaurant_suggestion,9
what mexican restaurant within 5 miles has the best reviews,restaurant_suggestion,10
show me 5-star dining establishments in nashville,restaurant_suggestion,7
are there any good chinese restaurants open right now,restaurant_suggestion,9
what are the best family restaurants in charlottesville,restaurant_suggestion,8
"in boston, what are the best pizza places",restaurant_suggestion,8
are there some good thai restaurants in san antonio,restaurant_suggestion,9
what are the best italian restaurants in chicago,restaurant_suggestion,8
where are the good thai restaurants in atlanta,restaurant_suggestion,8
recommendations for good thai restaurants in las vegas,restaurant_suggestion,8
where should i go for good thai food in las vegas,restaurant_suggestion,11
i need suggestions for good thai restaurants in las vegas,restaurant_suggestion,10
where are some good thai restaurants in las vegas,restaurant_suggestion,9
tell me which restaurants are good for thai food in las vegas,restaurant_suggestion,12
can you list off 4 star restaurants,restaurant_suggestion,7
what type of restaurants are nearby,restaurant_suggestion,6
i need to know what restaurants are near me,restaurant_suggestion,9
can you list off different restaurants,restaurant_suggestion,6
what are some good places to eat at,restaurant_suggestion,8
could you locate me some good places in kentucky that serve sushi,restaurant_suggestion,12
does kentucky have any good restaurants that serve sushi,restaurant_suggestion,9
can you find me some good places in kentucky that serve sushi,restaurant_suggestion,12
what are some good places in kentucky that serve sushi,restaurant_suggestion,10
could you direct me to any good places in kentucky that serve sushi,restaurant_suggestion,13
find me a new place for dinner,restaurant_suggestion,7
can you find a good steakhouse for tonight,restaurant_suggestion,8
what's a good restaurant nearby,restaurant_suggestion,5
any new restaurants near the mall,restaurant_suggestion,6
what's your recommendation for dining out tonight,restaurant_suggestion,7
find me an asian restaurant,restaurant_suggestion,5
is there a barbecue restaurant around here,restaurant_suggestion,7
find an indian restaurant,restaurant_suggestion,4
can you recommend an indian restaurant,restaurant_suggestion,6
can you find a keto friendly restaurant,restaurant_suggestion,7
is there any good place in hawaii for pasta,restaurant_suggestion,9
is there any good place in hawaii kai that serve local food,restaurant_suggestion,12
"i want sushi, is there any good place in ho chi minh",restaurant_suggestion,12
is there any good place for vietnamese food on the east side of the island,restaurant_suggestion,15
is there any good place for mexican food in hawaii,restaurant_suggestion,10
what are some good sushi restaurants in reno,restaurant_suggestion,8
which restaurants in reno are good for sushi,restaurant_suggestion,8
what are the best sushi restaurants in reno,restaurant_suggestion,8
what are good restaurants in reno that serve sushi,restaurant_suggestion,9
are there any sushi restaurants in reno that have good reviews,restaurant_suggestion,11
list me some good vietnamese restaurants in new york city,restaurant_suggestion,10
suggest some restaurants,restaurant_suggestion,3
give me some restaurant suggestions,restaurant_suggestion,5
"i want to pay my bill, please",pay_bill,7
pay my water bill with my charles schwab account,pay_bill,9
i'd like to pay my bill,pay_bill,6
pay my internet bill with my discover account,pay_bill,8
can you help me pay a bill,pay_bill,7
i need to pay my bill,pay_bill,6
can i pay a bill,pay_bill,5
use my capital one account to pay for my gas bill,pay_bill,11
pay my electric bill from my amex account,pay_bill,8
i want to pay my house bill,pay_bill,7
i want to pay my car bill,pay_bill,7
i want to pay my insurance bill,pay_bill,7
i want to pay my tax bill,pay_bill,7
i need help paying my auto insurance bill,pay_bill,8
i need help paying my hoa bill,pay_bill,7
i need help paying my tuition bill,pay_bill,7
i need help paying my phone bill,pay_bill,7
"my water bill is due, pay it immediately",pay_bill,8
i need to pay my water bill,pay_bill,7
please go ahead and make my student loan payment,pay_bill,9
go ahead and pay my american express bill now,pay_bill,9
i need to pay my electric bill now,pay_bill,8
can you assist me in paying my electric bill,pay_bill,9
i want to do a payment on my water bill,pay_bill,10
pay my mortgage from my checkings accounts,pay_bill,7
do a car payment from my savings account,pay_bill,8
can you give me a hand paying my water bill,pay_bill,10
i want to pay off my student loan,pay_bill,8
i need a bit of hand holding getting my trash bill paid,pay_bill,12
i need to pay my mortgage,pay_bill,6
are you able to help me pay my mortgage,pay_bill,9
i want to pay my car payment,pay_bill,7
i need to pay this month's tv subscription fee,pay_bill,9
will you aid me in paying my insurance premium,pay_bill,9
pay a bribe using my money market account,pay_bill,8
use my savings account to the pay the rent,pay_bill,9
use my checkings account to pay the electric bill,pay_bill,9
i'd like to pay my coned bill,pay_bill,7
please help with paying my cell phone bill,pay_bill,8
i'd like to make a payment on my credit card bill,pay_bill,11
i would like to pay my cell phone bill,pay_bill,9
please help me pay my cable bill,pay_bill,7
please tell me how to pay my gas bill,pay_bill,9
i need to get help paying my gas bill,pay_bill,9
i need help to pay my electric bill,pay_bill,8
can you help me pay my phone bill,pay_bill,8
will you take my bill payment,pay_bill,6
is it possible to pay my bill,pay_bill,7
how can i pay my bill,pay_bill,6
can i pay my bill,pay_bill,5
use my park bank account to pay my electric bill,pay_bill,10
pay my electric bill from my park bank account,pay_bill,9
pay my gas bill from my saving account,pay_bill,8
pay my cable bill from my facebook account,pay_bill,8
pay my cell bill from my deposit account,pay_bill,8
pay my electric bill from my paypal account,pay_bill,8
pay my water bill from my checking account,pay_bill,8
pay my phoe bill with my debit card,pay_bill,8
schedule a gas bill payment,pay_bill,5
pay the cable bill with my visa card,pay_bill,8
pay the red cross the monthly donation,pay_bill,7
i want to pay my internet bill,pay_bill,7
i want to pay my gas bill,pay_bill,7
i want to pay my electric bill,pay_bill,7
i want to pay my rent bill,pay_bill,7
i want to pay my water bill,pay_bill,7
make a payment on the electric bill,pay_bill,7
help me pay my electric bill,pay_bill,6
pay the electric bill,pay_bill,4
pay electric,pay_bill,2
please pay electric bill,pay_bill,4
i got to pay my cable bill,pay_bill,7
i need help paying my store bill,pay_bill,7
i wanna pay my cable bill from my checking account,pay_bill,10
i need help paying my cable bill,pay_bill,7
pay my cable bill from my checking account,pay_bill,8
i must pay my cable bill from my checking account,pay_bill,10
i gotta pay my cable bill,pay_bill,6
i must pay my cable bill,pay_bill,6
i wish to pay my cable bill,pay_bill,7
i need to pay my cable bill,pay_bill,7
i need help paying my rent bill,pay_bill,7
i need help paying my water bill,pay_bill,7
i really want to pay my cable bill from my checking account,pay_bill,12
i need help paying my electric bill,pay_bill,7
i need to pay my cable bill from my checking account,pay_bill,11
what's the best way to pay my bill,pay_bill,8
i'd really like to pay this bill,pay_bill,7
can you help me pay this bill,pay_bill,7
i am not sure how to pay my phone bill and need assistance,pay_bill,13
i need to make a bill payment,pay_bill,7
please pay my bill,pay_bill,4
can anyone help me pay my car bill,pay_bill,8
i want to pay that bill now,pay_bill,7
is there anyone available to help pay an internet bill,pay_bill,10
i need anyone who can help me pay my electric bill,pay_bill,11
help me pay my cable bill,pay_bill,6
can you pay the bill now,pay_bill,6
i need your help to pay my gas bill,pay_bill,9
pay my insurance bill,pay_bill,4
how much did i spend at restaurants last week,spending_history,9
how much have i spent lately on eating out,spending_history,9
what did i spend at the grocery store yesterday,spending_history,9
how much money did i spend at starbucks in the last week,spending_history,12
what was the total i spent at home depot last month,spending_history,11
where did all my money go this month,spending_history,8
what have my expenditures been at macys,spending_history,7
how much did i spend this week,spending_history,7
how much did i spend on christmas gifts in december,spending_history,10
how much money did i spend yesterday,spending_history,7
what did i spend at bath and body works last month,spending_history,11
how much did i spend on lunches last week,spending_history,9
what amount did i spend last week,spending_history,7
what did i spend my money on last week,spending_history,9
how much did i spend on movies last week,spending_history,9
have i been spending a lot on groceries lately,spending_history,9
have i been spending a lot on shoes lately,spending_history,9
have i been spending a lot on food lately,spending_history,9
have i been spending a lot on alcohol lately,spending_history,9
have i been spending a lot on take out lately,spending_history,10
how much have i spent on shoes lately,spending_history,8
did i spend a lot on shoes recently,spending_history,8
how much have i spent on shoes,spending_history,7
have i have been spending a lot of money on shoes,spending_history,11
what is the total i spent on shoes recently,spending_history,9
what have i spent over the last few days,spending_history,9
how much have i spent recently,spending_history,6
how much money have i dropped recently,spending_history,7
how much money have i spent this month,spending_history,8
what's the amount of money i spent yesterday,spending_history,8
could you tell me how much i've spent over the past two weeks,spending_history,13
how much money have i spent this week,spending_history,8
could you tell me how much money i spent last week,spending_history,11
please tell me how much i have spent recently,spending_history,9
how much did i spend last week,spending_history,7
can you tell me my spending history from last week,spending_history,10
i want to know how much i spent last week,spending_history,10
i want to know my recent spending,spending_history,7
how much have i paid for rent in the last 6 months,spending_history,12
how much money have i spent on groceries recently,spending_history,9
how much did i spend on groceries today,spending_history,8
how much have i spent eating out this week,spending_history,9
what chunk of my income have i spent on rent this year,spending_history,12
what's it been costing me to buy three packs a day,spending_history,11
what have car repairs ran me this month,spending_history,8
what has gas cost me this week,spending_history,7
what did car insurance run me this year,spending_history,8
what's the total amount i've spent eating out in the last two weeks,spending_history,13
how much have i spent on alcohol recently,spending_history,8
how much have i spent on books recently,spending_history,8
how much have i spent on food recently,spending_history,8
how much have i spent on bills recently,spending_history,8
how much have i spent on clothes recently,spending_history,8
i need to know my total spending on amazon for november and december 2018,spending_history,14
please list my total spending on grocery shopping for the last two months,spending_history,13
how much have i spent on starbucks since the beginning of 2019,spending_history,12
what is my total spent on dining out for the month of january,spending_history,13
what is the total amount that i have spent on the cash app for this month so far,spending_history,18
have i spent a lot on food recently,spending_history,8
i need to know what i have spent on food recently,spending_history,11
can you tell me what i have spent on food recently,spending_history,11
what have i spent on food recently,spending_history,7
what is the amount i have spent on food recently,spending_history,10
how much have i lately spent on eating out,spending_history,9
what have i spent lately in child care,spending_history,8
how much have i spent lately on food,spending_history,8
how much money have i recently spent on entertainment,spending_history,9
how much have i paid in medical expenses recently,spending_history,9
how much did i spend on gas last week,spending_history,9
can you tell me what i spend on gas for the past two weeks,spending_history,14
yesterday what did i spend on lunch,spending_history,7
i need to know what i spend on utilities for the last year,spending_history,13
what did i spend on groceries this month,spending_history,8
have i been giving lot of money to food to food lately,spending_history,12
how much money did i use to spend on catering five hours ago,spending_history,13
how much did i spend on gear two weeks ago,spending_history,10
have i been spending a lot on roast beef lately,spending_history,10
have i been spending a ton of money on movies lately,spending_history,11
how much money did i spend on tent equipment four hours ago,spending_history,12
how much did i spend on furniture last week,spending_history,9
how much did i spend on petrol 2 days ago,spending_history,10
how much money did i spend on food last month,spending_history,10
would please let me know how much i spent on food in january,spending_history,13
could you check my account and let me know how much i spent on food in january,spending_history,17
please check and tell me the amount i spent on food last month,spending_history,13
let me know the amount i spent on food last month,spending_history,11
i have been spending a lot on food out lately,spending_history,10
i have spent a lot on groceries lately,spending_history,8
i spent a lot on vacations recently,spending_history,7
i have been spending a lot on utility bills lately,spending_history,10
i have been spending a lot on insurance lately,spending_history,9
did i go out to eat more than usual,spending_history,9
have i been spending more money at restaurants,spending_history,8
how much did i spend on food,spending_history,7
how much do i spend going out to eat,spending_history,9
what's my going out to eat tab this month vs last month,spending_history,12
how much did i spend shopping for clothes today,spending_history,9
how much did i spend the past 3 days,spending_history,9
how much did i spend on gas the past month,spending_history,10
how much have i spent on food in the past week,spending_history,11
can you give me some suggestions to go site seeing when i get there,travel_suggestion,14
can you get me any recommendations for the place i'm traveling to,travel_suggestion,12
please suggest some fun tourist activities in tokyo,travel_suggestion,8
i need help with some fun tourist things to do in tokyo,travel_suggestion,12
could you tell me what fun tourist things i could do in tokyo,travel_suggestion,13
what should i do for fun in tokyo,travel_suggestion,8
what do tourists do in tokyo,travel_suggestion,6
what sites are there to see when in evans,travel_suggestion,9
what can i do in evans,travel_suggestion,6
name some things i should do while in evans,travel_suggestion,9
"if i go to evans, what should i do",travel_suggestion,9
what is there to do in evans,travel_suggestion,7
what can i do in new orleans for fun,travel_suggestion,9
what do you recommend to do in vegas,travel_suggestion,8
is there anything fun to do in berlin,travel_suggestion,8
find something fun for me to do in dallas,travel_suggestion,9
what's fun to do in thailand,travel_suggestion,6
where should i book my next trip,travel_suggestion,7
what are some hot travel destinations,travel_suggestion,6
what's a good place to travel to,travel_suggestion,7
where should i travel to next,travel_suggestion,6
what's the best place to travel to this time of year,travel_suggestion,11
"when visiting chicago, what things can i do there",travel_suggestion,9
what are some good restaurants in chicago,travel_suggestion,7
what are some activities to do in chicago,travel_suggestion,8
"when travelling in chicago, what kinds of attractions should i see",travel_suggestion,11
what kind of entertainment is available in chicago,travel_suggestion,8
show me some things to do in gatlinburg,travel_suggestion,8
what are the main attractions in gatlinburg,travel_suggestion,7
name the five star attractions in gatlinburg,travel_suggestion,7
what are some of the attractions in gatlinburg,travel_suggestion,8
what are the most popular attractions in gatlinburg,travel_suggestion,8
where should i spend my time off,travel_suggestion,7
give me some awesome travel destinations,travel_suggestion,6
what's the best place to just get away from it all,travel_suggestion,11
what are some tourist sites to see in ann arbor,travel_suggestion,10
name some tourist things to do in chicago,travel_suggestion,8
"in austin, what are some tourist things to do",travel_suggestion,9
name some tourist things to do in seattle,travel_suggestion,8
"what are some fun, tourist sites to see in nyc",travel_suggestion,10
what experiences does kentucky offer,travel_suggestion,5
what's something interesting to do kentucky,travel_suggestion,6
what things are there to do in kentucky,travel_suggestion,8
what could i do for fun in kentucky,travel_suggestion,8
what does kentucky have to offer for things to do,travel_suggestion,10
what are the big tourist sites in sweden,travel_suggestion,8
what are some fun things to do in sweden,travel_suggestion,9
can you tell me about the best tourist attractions in sweden,travel_suggestion,11
what are some of sweden's best sights,travel_suggestion,7
what can i do in nashville,travel_suggestion,6
help me find things to do in nashville,travel_suggestion,8
can i do a lot in nashville,travel_suggestion,7
i need ideas for things to do in nashville,travel_suggestion,9
do you know of any activities in nashville,travel_suggestion,8
what are some touristy things to do in boston,travel_suggestion,9
what kinds of fun things are there in boston for tourists,travel_suggestion,11
are there any exciting tourist things to do in boston,travel_suggestion,10
what kinds of fun touristy things are there to do in boston,travel_suggestion,12
are there any fun tourist things to do in boston,travel_suggestion,10
what are some fun things i can partake in in atlanta,travel_suggestion,11
tell me things i can do in chicago,travel_suggestion,8
provide me with ideas of things we can do in charlotte,travel_suggestion,11
give me a list of things to do in orlando,travel_suggestion,10
where should i travel if i want to visit some history museums,travel_suggestion,12
i'd like some suggestions on where to go on my vacation this year,travel_suggestion,13
"are there any interesting things to do in atlanta, georgia",travel_suggestion,10
"is there anything fun to do in manassas, virginia",travel_suggestion,9
i want to travel this year but i need some suggestions,travel_suggestion,11
where should i travel if i want to go to a nice beach,travel_suggestion,13
give me some ideas on what i can do in seattle for fun,travel_suggestion,13
"what do you suggest for entertainment in tampa, florida",travel_suggestion,9
"what are some fun things to do in butte, montana",travel_suggestion,10
"in portland, what things are there to do",travel_suggestion,8
what things can i do in portland,travel_suggestion,7
what are some things i can do in portland,travel_suggestion,9
what are some things to do in portland,travel_suggestion,8
what things are there to do in portland,travel_suggestion,8
what is there to do besides drink in germany,travel_suggestion,9
what festivals are there to see in paris,travel_suggestion,8
what fun is there to do in england,travel_suggestion,8
where is the best winery in the south of france,travel_suggestion,10
what should i do in france,travel_suggestion,6
where do you suggest i plan my next vacation,travel_suggestion,9
what are your best travel suggestions,travel_suggestion,6
what are some suggestions for places to travel,travel_suggestion,8
what do people in sioux falls do for fun,travel_suggestion,9
what's there to do in seattle,travel_suggestion,6
are there any interesting activities to do in austin,travel_suggestion,9
where's a good place to go if i want to see mountains,travel_suggestion,12
what's a nice place to visit a beautiful beach,travel_suggestion,9
what should i do in bangor,travel_suggestion,6
what do tourists do for fun in seattle,travel_suggestion,8
are there any fun tourist activities in australia,travel_suggestion,8
what's a good use of my time in toronto,travel_suggestion,9
what can a tourist in denver do,travel_suggestion,7
what sort of things do people do in new york,travel_suggestion,10
tell me some things to see in tampa,travel_suggestion,8
is there anything neat to do in boston,travel_suggestion,8
what are some interesting things to do in dc,travel_suggestion,9
what's the funnest thing for a tourist to do in iceland,travel_suggestion,11
tell me my reminders,reminder,4
tell me my current reminders list,reminder,6
please read my reminders,reminder,4
will you repeat my reminder list,reminder,6
check my reminders for mop and floor,reminder,7
read my reminder list to me,reminder,6
is mop the floor already in my reminders,reminder,8
read back the reminder list,reminder,5
what's on the reminder list,reminder,5
read my reminders to me,reminder,5
check my reminders for mop the floor,reminder,7
what reminders do i have,reminder,5
read what i added to the reminder list,reminder,8
can you list each item on my reminder list,reminder,9
can you tell me what reminders i've set,reminder,8
tell me what's on my reminder list,reminder,7
do i have any reminders to look up how to properly do a potato in my microwave,reminder,17
do i have a reminder for our neighbor's anniversary,reminder,9
tell my all my reminders,reminder,5
is respond to the professor's email on my list of reminders,reminder,11
read me my reminders list,reminder,5
go through all the reminders on my list and state what they are,reminder,13
is there a reminder for my aa meeting on my list,reminder,11
speak back to me what's on my reminder list,reminder,9
iterate the items on my reminder list,reminder,7
please go through my reminder list and tell me what's on it,reminder,12
did i add to my reminder list that i need to take the car in for an oil change,reminder,19
what did i want to remember again,reminder,7
what did i put on my list of reminders,reminder,9
can you tell me the reminders i have set up,reminder,10
what were the reminders that i made,reminder,7
i wanted to remember what again,reminder,6
can you remind me what i was trying to remember,reminder,10
i had a list of reminders what were they,reminder,9
remind me of what i asked you to remember,reminder,9
what reminders did i have,reminder,5
what are the thing i told you to help me remember,reminder,11
read my reminders please,reminder,4
what's on my reminder list today,reminder,6
do i have anything in my reminders,reminder,7
what did i ask to be reminded about,reminder,8
check if getting a light bulb is on my list of reminders,reminder,12
is buying a light bulb on my reminders list,reminder,9
confirm that buy a light bulb is on my list of reminders,reminder,12
please read my list of reminders,reminder,6
what is now on my reminder list,reminder,7
what things are currently on my reminder list,reminder,8
tell me what is showing up on my reminder list,reminder,10
what are the items on my reminder list,reminder,8
can you read my list back to me,reminder,8
can you repeat my list back to me,reminder,8
can you describe my list back to me,reminder,8
what is on my reminder list,reminder,6
is checking the mail on my list of reminder,reminder,9
i want to see my reminder list,reminder,7
what do i want to remember,reminder,6
let me know what is on my reminder list,reminder,9
can you please repeat my list back to me,reminder,9
tell me what is on my reminder list,reminder,8
let me see the reminder list please,reminder,7
can you read me my list of reminders,reminder,8
what do i have on my list of reminders,reminder,9
what did i list in my reminders,reminder,7
"i wanted to remember some things, what were they",reminder,9
can you remind me the things i was trying to remember,reminder,11
let me know what's on my list of reminders,reminder,9
can you tell me what things i was trying to remember,reminder,11
tell me what's on my reminders list please,reminder,8
what were those things i was trying to remember,reminder,9
do you know what things i wanted to remember,reminder,9
what are in my reminders list,reminder,6
my list of reminders is what,reminder,6
on my list of reminders is what,reminder,7
the lists of my reminders is what,reminder,7
reminders of my list is what,reminder,6
is there a reminder set to clean the gutters,reminder,9
what do i have on my reminder list,reminder,8
please read all the items on my reminder list,reminder,9
can you tell me all the reminders i have set on my reminder list,reminder,14
did i request a reminder for my niece's graduation,reminder,9
"can you read my reminder list, please",reminder,7
is the company party on my list of reminders,reminder,9
did i set up a reminder to clean the bathroom,reminder,10
what did i include on my list of things to remember,reminder,11
please look to see if paying bills is on my reminders list currently,reminder,13
please tell me everything on my list of reminders,reminder,9
tell me if flipping the mattress is on my list of reminders please,reminder,13
i need to know the content of my list of reminders,reminder,11
tell me everything i included on my list of things to remember for later,reminder,14
check to see if picking up glenn from the airport is on my list of reminders,reminder,16
go through my reminder list with me please,reminder,8
i would like to hear you read my reminder list to me,reminder,12
i want to hear what is on my reminders list,reminder,10
read my list of reminders to me,reminder,7
tell me what i had wanted to remember earlier,reminder,9
did i include cleaning the hamster cage on my list of reminders,reminder,12
walk me through the items on my reminder list,reminder,9
i need to know what it is that i wanted to remember before,reminder,13
please give me a rundown of my reminder list,reminder,9
i want to hear everything on my reminder list,reminder,9
does my calendar have anything for january 1st,calendar,8
what is there on january 1st on my calendar,calendar,9
are there any events on my calendar for january 1st,calendar,10
what do i have to do on january 1st,calendar,9
do i have anything scheduled on january 1st,calendar,8
what items do i have on my calendar for easter,calendar,10
"what do i have on my calendar today, the 3rd",calendar,10
"what've i got set for friday, the 13th, of next year",calendar,11
is my daughter's birthday on my calendar,calendar,7
did i had my wife and mine anniversary to my calendar,calendar,11
did i put an item on the calendar to get the dog neutered,calendar,13
"can you tell me what's on my calendar for march 05, 2019",calendar,12
does the calendar already have easter noted on it,calendar,9
do i have a note on the calendar for black friday,calendar,11
what's on my calendar for march 01,calendar,7
anything on the schedule for october 14th,calendar,7
what does my schedule look like for april 1,calendar,9
do i have anything to do march 2nd,calendar,8
what do i have on my calendar for february 8,calendar,10
how is my calendar looking for may 6th,calendar,8
what do i have planned on my calendar for next sunday,calendar,11
do i have anything on my calendar next sunday,calendar,9
show me my calendar for next sunday,calendar,7
is my calendar free next sunday,calendar,6
what is on my calendar next sunday,calendar,7
what do i have scheduled on march 2nd on my calendar,calendar,11
are there any events on my calendar for march 2nd,calendar,10
have i scheduled anything on march 2nd on my calendar,calendar,10
do i have anything on my calendar for march 2nd,calendar,10
what do i have going on march 2nd on my calendar,calendar,11
what's happening on may 3rd,calendar,5
what's in the books for april 30th,calendar,7
what do i have going on may 4th,calendar,8
what is on my calander for valentines day,calendar,8
on the 26th what is on the table for my calendar,calendar,11
when am i next having a meeting in december,calendar,9
what is currently on my calendar for friday the 1st,calendar,10
tell what is showing on my calendar for the 17th of march,calendar,12
i wanna know what is currently on my calendar for friday the 1st,calendar,13
let me know what is showing on my calendar for the 17th of march,calendar,14
please inform me what is showing on my calendar for the 17th of march,calendar,14
i must know what is currently on my calendar for friday the 1st,calendar,13
i need to know what is currently on my calendar for friday the 1st,calendar,14
what is showing on my calendar for the 17th of march,calendar,11
i gotta know what is currently on my calendar for friday the 1st,calendar,13
tell me what is showing on my calendar for the 17th of march,calendar,13
what do i have scheduled on 3/15,calendar,7
what do i have planned on 3/15,calendar,7
what do i have to do on march 2 that's on my calendar,calendar,13
tell me what is on my calendar for march 2,calendar,10
what do i have on my calendar for march 2,calendar,10
let me know my march 2 calendar,calendar,7
what is on march 2 calendar,calendar,6
what time is my haircut on wednesday,calendar,7
do i have any appointments on tuesday,calendar,7
can you see whether i have an event called amy's surprise party on my calendar,calendar,15
can you tell me what my may 1st will be like according to my calendar,calendar,15
tell me everything on my calendar for may 1,calendar,9
remind me of the date of the event called 'anniversary dinner,calendar,11
what is on my schedule for the day of march 5th,calendar,11
what do i have scheduled for february 28th,calendar,8
what events are on my calendar for april 1st,calendar,9
is there an event titled anniversary dinner on my calendar,calendar,10
tell me if there is an event called annual physical in my calendar,calendar,13
can you give me an overview of what march 23 will look like for me,calendar,15
tell me what my calendar looks like for march 12th,calendar,10
check my calendar to see if an event called final exams exists,calendar,12
what do i have on my calendar for march 11,calendar,10
does my calendar include an event called shana's baby shower,calendar,10
pull up my calendar and tell me what i have scheduled for march 30,calendar,14
do i have anything on my schedule for april 15,calendar,10
tell me any events scheduled on my calendar for april 15,calendar,11
tell me what my calendar looks like for april 13,calendar,10
what have i got planned for the date of april 23,calendar,11
tell me what is on my calendar for april 1,calendar,10
"the 21st, what is on my calendar",calendar,7
what's on the calendar for march 4th,calendar,7
what's on my calendar for tuesday,calendar,6
what's on my calendar for the 18th of march,calendar,9
i have what to do on wednesday,calendar,7
what do i have scheduled for march 2,calendar,8
do i have anything on my calendar for may 3,calendar,10
i want my schedule for march 2,calendar,7
tell me what is on my calendar for may 3,calendar,10
what's on my schedule for may 3,calendar,7
read me my schedule for march 2,calendar,7
do i have anything on my schedule for may 3,calendar,10
read my appointments for march 2,calendar,6
what is on my schedule for tomorrow,calendar,7
search my calendar for birthday party,calendar,6
do i have 30th birthday party on my calendar,calendar,9
search my calendar for birthday,calendar,5
check my calendar for 30th birthday party,calendar,7
check my calendar for saturday,calendar,5
tell me what's on the calendar for saturday,calendar,8
read my calendar events,calendar,4
what's on my agenda for tomorrow,calendar,6
what am i supposed to be doing today,calendar,8
what do i have planned for tomorrow,calendar,7
what do i have on my calendar for monday the 1st of march,calendar,13
"you have been a big help, thank you so much",thank_you,10
"i appreciate your help, thank you",thank_you,6
"i really appreciate your help, thank you",thank_you,7
i am very grateful,thank_you,4
i appreciate the assistance,thank_you,4
i want to thank you for helping,thank_you,7
much obliged,thank_you,2
your help is appreciated,thank_you,4
gracias,thank_you,1
i appreciate that,thank_you,3
thanks so much!,thank_you,3
many thanks,thank_you,2
appreciate it,thank_you,2
thanks!,thank_you,1
i thank you,thank_you,3
thank you kindly,thank_you,3
thank you so very much,thank_you,5
thank you for helping me,thank_you,5
i'm grateful to you,thank_you,4
you did a good job thank you,thank_you,7
good looking out,thank_you,3
i wish you were here earlier,thank_you,6
it's so much easier with you around,thank_you,7
you've been a great help,thank_you,5
thanks for the help,thank_you,4
thanks please,thank_you,2
why thank you,thank_you,3
thanks for the answer,thank_you,4
thank you very much for the answer,thank_you,7
okay thanks,thank_you,2
thanks a lot,thank_you,3
thanks a lot for the answer,thank_you,6
thank you for the answer,thank_you,5
thank you a lot for that answer,thank_you,7
thanks for helping me!,thank_you,4
i'm so glad you helped me!,thank_you,6
i appreciate your help!,thank_you,4
i am thankful for your help!,thank_you,6
i have much gratitude for your help,thank_you,7
i appreciate your help,thank_you,4
i appreciate you helping me,thank_you,5
"awesome, thanks",thank_you,2
thank you so much,thank_you,4
thank you very much for the assistance,thank_you,7
i appreciate it,thank_you,3
thanks again!,thank_you,2
thanks for the info,thank_you,4
thanks for letting me know,thank_you,5
"that's all i need, thanks!",thank_you,5
"thanks, that's helpful",thank_you,3
thank you for the information,thank_you,5
thanks for answering my question,thank_you,5
your efforts don't go unnoticed,thank_you,5
i appreciate what you did,thank_you,5
you are so thoughtful and i appreciate your gesture,thank_you,9
you are so nice to think of me,thank_you,8
you were so kind to do that,thank_you,7
your answer pleased me,thank_you,4
i'm happy with your answer,thank_you,5
your answer was enjoyable,thank_you,4
your answer was good,thank_you,4
thanks for giving me assistance,thank_you,5
really great!,thank_you,2
appreciate the help,thank_you,3
i'm grateful for the answer you just gave me,thank_you,9
"that'll work, good job!",thank_you,4
"good answer, thanks for providing it",thank_you,6
i'm grateful for the assistance,thank_you,5
thanks for that!,thank_you,3
good job with assisting me,thank_you,5
"nice, excellent!",thank_you,2
i'm grateful,thank_you,2
i appreciate that answer!,thank_you,4
i would like to thank you,thank_you,6
i can not thank you enough,thank_you,6
i need to thank you,thank_you,5
i really thank you,thank_you,4
let me thank you,thank_you,4
thank you!,thank_you,2
thanks for the help!,thank_you,4
you're the best!,thank_you,3
i appreciate that answer,thank_you,4
your answer is appreciated,thank_you,4
i am thankful for the answer,thank_you,6
oh sweet thanks,thank_you,3
"oh, thanks",thank_you,2
merci beaucoup,thank_you,2
thanks again,thank_you,2
thanks,thank_you,1
thank you for answering that,thank_you,5
thank you,thank_you,2
thanks for that,thank_you,3
thank you for your time,thank_you,5
i appreciate the help,thank_you,4
thank ya!,thank_you,2
thanks for your response,thank_you,4
youre a doll,thank_you,3
thanks for your cooperation,thank_you,4
i owe you one!,thank_you,4
thanks for helping out,thank_you,4
wake me up at noon tomorrow,alarm,6
set my alarm for getting up,alarm,6
make sure my alarm is set for three thirty in the morning,alarm,12
please set an alarm for mid day,alarm,7
have an alarm set for three in the morning,alarm,9
you need to set alarm for me,alarm,7
i need you to set alarm for me,alarm,8
set the alarm for me,alarm,5
can you set alarm for me,alarm,6
please set alarm for me,alarm,5
make a new alarm for 6 in the morning,alarm,9
make a new alarm,alarm,4
create an alarm,alarm,3
i need an alarm for 6am,alarm,6
can you alert me at 6 in the morning,alarm,9
i'd like a new alarm set for 6am,alarm,8
"set an alarm for 6am, please",alarm,6
initiate a new alarm please,alarm,5
set up an alarm,alarm,4
make up a new alarm,alarm,5
i want to make an alarm,alarm,6
i would like an alarm set,alarm,6
schedule an alarm,alarm,3
i need an alarm set,alarm,5
i need alarms set for 6am and 615am,alarm,8
i need an alarm to go off tomorrow at five fifteen,alarm,11
can you set an alarm for seven fifteen for tomorrow,alarm,10
set me an alarm for 4pm and another for 5pm,alarm,10
set one alarm for 215pm and another for 7pm,alarm,9
create an alarm for 9 am and another one for 11 am,alarm,12
set the alarm to go off at 9 tomorrow,alarm,9
make an alarm for tomorrow at twilight,alarm,7
set up two alarms one for 10am and another for 2pm,alarm,11
please set up an alarm to go off tomorrow at daybreak,alarm,11
could you set one alarm for 8am saturday and one for 9am sunday,alarm,13
can i turn on the alarm now,alarm,7
how do i set the alarm,alarm,6
please turn on the alarm,alarm,5
set my alarm for 6am tomorrow,alarm,6
set alarm for 6am,alarm,4
can you play an alarm at 5pm,alarm,7
create alarm 6am,alarm,3
set alarm for 5pm,alarm,4
make an alarm 6am,alarm,4
create an alarm for 6am,alarm,5
put in an alarm for 5pm,alarm,6
i want an alarm at 5pm,alarm,6
set my alarm for 5pm,alarm,5
set an alarm,alarm,3
create alarm,alarm,2
set alarm,alarm,2
i need an alarm to wake me up at 8 tomorrow morning,alarm,12
i need you to set an alarm for 8am tomorrow,alarm,10
please set an alarm for 5 am,alarm,7
set an alarm for 9pm please,alarm,6
i need an alarm set for 6 in the morning,alarm,10
i need an alarm set for 10:00 and another set for 3:00,alarm,12
set an alarm for me for 10:00 and another one set for 4:00,alarm,13
would you set my alarm for 10:00 and another for 3:00,alarm,11
provide assistance by setting an alarm at 8:00 and another for 11:00,alarm,12
assist me by setting my alarm for 9:00 and another for 11:00,alarm,12
tomorrow i need an alarm at 7 tomorrow,alarm,8
"at 9 tomorrow, set off the alarm",alarm,7
tomorrow i would like an alarm for 9 tomorrow,alarm,9
tomorrow i need the alarm to go off at 5,alarm,10
sound the alarm at 6 am tomorrow,alarm,7
set reminder for 2 pm,alarm,5
wake me up at 6 am,alarm,6
ring my phone at 12 pm,alarm,6
set alarm for 5 am,alarm,5
please set an alarm for 2 pm for me,alarm,9
set an alarm for 5 pm,alarm,6
can you make an alarm for 7 am,alarm,8
set a 5 am alarm please,alarm,6
i need an alarm at 8 pm,alarm,7
set an alarm to start work and another to stop,alarm,10
set an alarm to go to sleep and another to wake up,alarm,12
please set a reminder for me,alarm,6
set an alarm to work out and another to go home,alarm,11
create an alarm for me,alarm,5
set an alarm for lunch and another for dinner,alarm,9
make an alarm for me,alarm,5
set an alarm for my meeting and another for my phone call,alarm,12
i want an alarm set up,alarm,6
i need an alarm set please,alarm,6
have an alarm wake me at 10:30 am,alarm,8
i want an alarm to go off at 9 am,alarm,10
i need an alarm set for 9 am and another for 11 am,alarm,13
i need an alarm set for 5:30 pm,alarm,8
i need you to schedule an alarm,alarm,7
please create an alarm for 5:45 am and an alarm for 6:15 am,alarm,13
would you set up an alarm for me,alarm,8
please create one alarm for 330 pm and one for 8 pm,alarm,12
please create a new alarm for me,alarm,7
i need an alarm to go off at 6 am,alarm,10
"please set two alarms, one at 12 pm and the next at 1 pm",alarm,14
please create an alarm for 12 noon,alarm,7
i need one alarm to go off at 6:30 am and a second alarm set for 8:00 am,alarm,18
help me get up at eight thirty in the morning tomorrow,alarm,11
i want to be woken up at 9 tomorrow,alarm,9
"syonara, ai device!",goodbye,3
"goodbye, helpful ai device!",goodbye,4
bye-bye,goodbye,1
"goodbye, ai assistant",goodbye,3
glad we got to talk,goodbye,5
i'm glad i got to talk to you,goodbye,8
nice to speak with you,goodbye,5
this was a great conversation,goodbye,5
talk to you later,goodbye,4
tata for now,goodbye,3
i'm out of here,goodbye,4
"that's all, bye",goodbye,3
see ya later,goodbye,3
adios ai,goodbye,2
"it was great to see you again, see ya later!",goodbye,10
"i had a pleasure talking to you, see you later",goodbye,10
"nice talking again, bye",goodbye,4
i have to go but it was nice talking again!,goodbye,10
"i am glad we got to talk again, see you soon",goodbye,11
sayonara,goodbye,1
catch you around,goodbye,3
good seeing you,goodbye,3
"later, thanks for chatting",goodbye,4
adios,goodbye,1
"great talk, take it easy",goodbye,5
see ya,goodbye,2
"great chat, talk to you later",goodbye,6
"nice talk, talk to you later",goodbye,6
"thanks for chatting, later",goodbye,4
goodbye to you,goodbye,3
i must say goodbye,goodbye,4
i'm saying goodbye now,goodbye,4
it is time to say goodbye,goodbye,6
i have to say goodbye,goodbye,5
cya later,goodbye,2
i enjoyed talking to you,goodbye,5
thanks for talking,goodbye,3
it was good chatting,goodbye,4
it was nice chatting with you,goodbye,6
always nice to talk to you,goodbye,6
"see you later, alligator",goodbye,4
good night,goodbye,2
it was nice to get in touch,goodbye,7
see you soon,goodbye,3
later gator!,goodbye,2
it was nice to talk it out with you,goodbye,9
it was nice to converse with you,goodbye,7
ill see you around,goodbye,4
take it easy!,goodbye,3
later gater,goodbye,2
it was nice to speak with you,goodbye,7
see you later alligator,goodbye,4
fairwell,goodbye,1
have a good one,goodbye,4
peace,goodbye,1
bye for now,goodbye,3
"thanks, bye",goodbye,2
i have to get going,goodbye,5
talk to you later!,goodbye,4
i’ll be leaving now,goodbye,4
i’m leaving-goodbye!,goodbye,2
thanks for talking to me,goodbye,5
it was really nice to be able to chat with you,goodbye,11
it was good to talk to you today,goodbye,8
it was great to have this conversation with you,goodbye,9
it was nice to catch up with you,goodbye,8
it was enjoyable talking with you,goodbye,6
it was great chatting with you,goodbye,6
it was cool talking with you,goodbye,6
it was pleasant conversing with you,goodbye,6
good bye my friend,goodbye,4
i need to go now,goodbye,5
see you again soon,goodbye,4
i've got to run now,goodbye,5
goodbye!,goodbye,1
i had fun speaking with you,goodbye,6
bye!,goodbye,1
later!,goodbye,1
adios!,goodbye,1
until next time!,goodbye,3
farewell!,goodbye,1
it was enjoyable to chat with you,goodbye,7
i'm outta here!,goodbye,3
it was pleasant having a conversation with you,goodbye,8
bye now,goodbye,2
buhbye,goodbye,1
see you in a while,goodbye,5
see you around,goodbye,3
nice to see you again,goodbye,5
nice to see you,goodbye,4
talk later,goodbye,2
tootles,goodbye,1
peace out,goodbye,2
goodbye for now ai,goodbye,4
ai goodbye,goodbye,2
i'll talk to you later ai,goodbye,6
we'll talk later ai,goodbye,4
i have to go ai goodbye,goodbye,6
bye bye!,goodbye,2
see you later!,goodbye,3
i need a bed in brownsburg near walmart from apil 4th until the 5th,book_hotel,14
i need a room in indianapolis near the track from may 2nd through the 5th,book_hotel,15
i need lodging in lizton near the ice cream parlor from may 3rd until the 8th,book_hotel,16
need a place to crash in elizabeth near the refinery from june 4th until the 9th,book_hotel,16
i need a place to stay in newark near a bodega from may 2nd through the 4th,book_hotel,17
i want to book a hotel room for 10 people from monday to tuesday in manhattan,book_hotel,16
is there a room big enough for 10 people from monday to tuesday in manhattan,book_hotel,15
is it possible to book 10 people from monday to tuesday in manhattan,book_hotel,13
i would like to reserve a hotel room that accomodates 10 people from monday to tuesday in manhattan,book_hotel,18
i'm inquiring about the availability of a room that fits 10 people from monday to tuesday in manhattan,book_hotel,18
book me a hotel in st louis near the arch from march 2nd to 5th,book_hotel,15
i need a room in london for 2 people from march 1st to 3rd,book_hotel,14
get me a hotel room for 3 people from march 12th to 14th in chicago,book_hotel,15
book me a hotel in new york near the empire state building from marc 2nd to 4th,book_hotel,17
book me a hotel in chicago near the water tower shopping from april 2nd to 4th,book_hotel,16
get me a hotel room for 4 people from march 1st to 3rd in seattle,book_hotel,15
"in paris, get me a hotel room for 4 people from march 1st to 3rd",book_hotel,15
can you find me a hotel for 2 people on april 1st to 4th in rome,book_hotel,16
can you book me a hotel in los angeles near commerce casino from april 1st to the 5th,book_hotel,18
book me a hotel in seattle near the space needle from march 3rd to 5th,book_hotel,15
can you book me a room in new york city from april 2 through april 8,book_hotel,16
are there any openings in new york city from april 2 through april 8,book_hotel,14
are there any vacancies in new york city from april 2 through april 8,book_hotel,14
how about any bookings in new york city from april 2 through april 8,book_hotel,14
is there anything available in new york city from april 2 through april 8,book_hotel,14
book me a room on november 11 to 15 in cali,book_hotel,11
create a reservation novemeber 11 to 15 in cali,book_hotel,9
show me all hotels in evans with good reviews,book_hotel,9
which hotels in evans have good reviews,book_hotel,7
get me a room in cali on november 11 to 15,book_hotel,11
show me a well reviewed hotel in evans,book_hotel,8
what is the best rated hotel in evans,book_hotel,8
find me a place to stay in cali november 11 to 15,book_hotel,12
make a reservation to stay in cali from november 11 to 15,book_hotel,12
is it possible to have a place booked in salem from the 1st to the 3rd,book_hotel,16
see if you can get me a room in colorado springs near garden of the gods from march 01 to march 02,book_hotel,22
"i'd like you to book me a room in austin near google's headquarters from january 01, 2020 to february 02, 2020",book_hotel,21
please book me a room in austin from tomorrow to the 2nd,book_hotel,12
i want a hotel room for 6 from the 1st through the 3rd in seattle,book_hotel,15
can you find me a decent hotel in denver,book_hotel,9
"i'd like a placed booked in san diego from may 1st, 2020 to june 2nd, 2020",book_hotel,16
are there any good hotels in salem,book_hotel,7
what's a good hotel to stay at in chicago,book_hotel,9
will you find me a place to stay in casper from march 5th to march 11th,book_hotel,16
check if there's a hotel room that can receive 10 people in tampa from this friday for a week,book_hotel,19
"can i get a hotel room that can accommodate 50 people in bangor from january 01, 2021 to january 30, 2021",book_hotel,21
i need a hotel booked in denver near the museum from friday to saturday,book_hotel,14
i want a hotel booked in salem near the concert hall from the first to the second,book_hotel,17
i required a hotel room for 20 people from march 8th through march 20th in las vegas,book_hotel,17
what hotels have decent reviews in bangor,book_hotel,7
"is it possible to have a room booked in omaha near the convention hall for may 01, 2019 to may 05, 2019",book_hotel,22
i'd like to find a hotel in tampa that people liked enough to leave good reviews about,book_hotel,17
can you book me a place to stay in denver from wednesday to friday,book_hotel,14
i need a hotel room that can host 5 people from tomorrow to saturday in denver,book_hotel,16
please find me a hotel room for 4 people from monday to wednesday in lakewood,book_hotel,15
i need a hotel room big enough for 4 people from monday to wednesday in lakewood,book_hotel,16
i need a hotel room for 4 people in lakewood from monday to wednesday,book_hotel,14
what hotel would you recommend in lakewood for 4 people from monday to wednesday,book_hotel,14
i will be in lakewood from monday to wednesday and i need a hotel room for 4 people,book_hotel,18
please help me book a place to stay in pittsburgh from monday to friday,book_hotel,14
"i need a place in pittsburgh to stay from monday to friday, can you help",book_hotel,15
help me find a hotel in columbus with good reviews,book_hotel,10
can you find me a hotel in columbus with good reviews,book_hotel,11
"please find a columbus, ohio hotel with good reviews",book_hotel,9
will you help me book a place to stay from monday to friday in pittsburgh,book_hotel,15
can you book me a place to stay in pittsburgh from monday to friday,book_hotel,14
please book me a place in pittsburgh to stay from monday to friday,book_hotel,13
"find a columbus, ohio hotel with good reviews",book_hotel,8
help me find a hotel in that has good reviews in columbus,book_hotel,12
do you know of any well reviewed hotels in chicago,book_hotel,10
help me find a well reviewed hotel in dallas,book_hotel,9
find me a hotel in kansas city with good reviews,book_hotel,10
i need to find a nice hotel with solid reviews in seattle,book_hotel,12
look up hotels with positive reviews in new york city,book_hotel,10
"what hotels are near, ny, ny for the 9th to 11th",book_hotel,11
"please book a hotel in ny, close to brooklyn, on the 25th to 30th",book_hotel,14
"book a hotel in pa, harrisburg for the 10th to 15th",book_hotel,11
"find and book a hotel in md, baltimore starting on the 7th to the 9th",book_hotel,15
"i need to book a hotel in ny, queens arrive on 8th and leave on the 13th",book_hotel,17
i need a hotel in new orleans with awesome reviews,book_hotel,10
find a suitable lodging in vancouver on march 16-19,book_hotel,9
help me find a good reviews hotel in la,book_hotel,9
i need a hotel in new orleans from may 2 - 5 near the french quarter,book_hotel,16
find a hotel with great reviews in san francisco,book_hotel,9
find me a hotel in seattle with great reviews,book_hotel,9
help me a great hotel in vegas for this weekend,book_hotel,10
can you find me a place to stay in sacramento near the capitol on july 3-5,book_hotel,16
find a hotel in san francisco for march 8 & 9,book_hotel,11
i need a well-rated hotel in vegas,book_hotel,7
can i book a hotel in new york city near times square from 3/1 until 3/5,book_hotel,16
book me a hotel room in memphis for 3 people from 3/6 until 3/10,book_hotel,14
hotel room for 5 in austin for 3/1 until 3/8,book_hotel,10
i need a hotel in austin near south congress from 3/5 until 3/10,book_hotel,13
book me a hotel in pittsburgh near grant street for 3/15 through 3/18,book_hotel,13
"march 20th through the 22nd, please book me a hotel room in manhattan big enough for 10 people",book_hotel,18
i'm going to need a hotel in tampa near ybor city for march 23rd through the 28th,book_hotel,17
i'm going to need a hotel room for 8 people in tallahassee from 3/10 until 3/12,book_hotel,16
could you reserve me a hotel room in philadelphia near chinatown from 3/19 through 3/22,book_hotel,15
"in brooklyn, i need a hotel room for 4 from 3/15 until 3/20",book_hotel,13
book me a hotel with good ratings in nashville,book_hotel,9
what are the conditions like in orlando,weather,7
what's the temperature like in tampa,weather,6
what's the forecast like for pittsburgh,weather,6
what are the conditions like in sarasota,weather,7
what's the climate like in chicago,weather,6
what will the temperature be tomorrow,weather,6
will it rain today,weather,4
will it freeze tonight,weather,4
give me the 7 day forecast,weather,6
is it hot outside,weather,4
what is the weather going to be like today,weather,9
is it going to rain today,weather,6
what is the weather going to be like tomorrow,weather,9
is it going to rain tonight,weather,6
are there any tornadoes coming soon,weather,6
is it snowing in the next two weeks,weather,8
what is the weather like in denver,weather,7
what is the weather like tomorrow,weather,6
what is the record high temperature for today,weather,8
whats the predicted weather suppose to be like,weather,8
whats the forecast for the weather,weather,6
what does the weather look like,weather,6
what does the forecast look like,weather,6
what is the weather going to be like,weather,8
tell me this week's forecast,weather,5
will it get over 90 degrees today,weather,7
what's the temperature outside,weather,4
tell me how the weather is,weather,6
weather,weather,1
what's the weather,weather,3
is it raining,weather,3
how is it outside,weather,4
how hot will it be tomorrow,weather,6
what is the weather for tomorrow in georgia,weather,8
what is the forecast for this week,weather,7
will it snow this weekend,weather,5
is there any rain in the next 3 days,weather,9
can you tell me what the weather will be please,weather,10
how's the weather,weather,3
what's the weather looking like,weather,5
what weather should i expect,weather,5
costa mesa current weather,weather,4
what is the temperature in costa mesa,weather,7
what is the weather report for costa mesa,weather,8
weather in costa mesa,weather,4
costa mesa weather,weather,3
i need meteorological data for tallahassee,weather,6
how's the weather in tallahassee,weather,5
read me the current weather report for tallahassee,weather,8
tell me the weather report for tallahassee,weather,7
what's the current weather situation for tallahassee,weather,7
what's the weekend forecast,weather,4
can you tell me the low tonight,weather,7
is it going to be sunny today,weather,7
what's the highest chance of rain for today,weather,8
how cold is it going to be tonight,weather,8
what is the weather forecast for seattle,weather,7
what is the weather outlook for seattle,weather,7
what are the weather conditions in seattle,weather,7
how is the weather in seattle,weather,6
what is the weather report for seattle,weather,7
can you give me info on miami weather,weather,8
what is miami weather like,weather,5
what can you tell me about miami weather,weather,8
what kind of weather does miami have,weather,7
how is the weather in miami,weather,6
what's the weather like right now,weather,6
give me a rundown of the weather,weather,7
what kind of weather is there,weather,6
tell me what the weather is like,weather,7
when is it going to rain again,weather,7
what is the high temperature for tomorrow,weather,7
how many of inches of snow did my hometown get last year,weather,12
what are the atmospheric conditions in sparks,weather,7
is it raining in sparks,weather,5
is it cloudy or sunny in sparks,weather,7
is sparks experiencing bad weather right now,weather,7
what is the weather like in sparks right now,weather,9
what is the temp right now,weather,6
when will it rain next,weather,5
when is the next rain chance,weather,6
what will the weather be this weekend,weather,7
what s the uv index tomorrow,weather,6
tell me today's weather forecast,weather,5
tell me about the weather today,weather,6
i want to know the weather forecast for today,weather,9
what will the weather be like,weather,6
what's the chance of rain on friday,weather,7
is there a uv or smog alert for tomorrow,weather,9
"is it snowing right now in richmond, va",weather,8
what will the low temperatures be over the weekend,weather,9
can you let me know if it will be warm this week,weather,12
when is the next time it is suppose to rain,weather,10
how cold will it be tomorrow,weather,6
what is today's high temperature predicted to be,weather,8
how much snow will we be getting tomorrow,weather,8
what's the current weather,weather,4
what's it doing outside right now,weather,6
what's today's weather going to be,weather,6
please tell me the weather forecast,weather,6
"i'm at home, so where is the closest starbucks",directions,9
what's the distance between home and the closest starbucks,directions,9
is there a starbucks close to home,directions,7
direct me to the closest starbucks near home,directions,8
does home have a starbucks nearby,directions,6
how do i get to the beach by bus,directions,9
how do i get to the park on foot,directions,9
how do i get to the train on foot,directions,9
how do i get to the mall by bus,directions,9
how to i get to the mall on foot,directions,9
how do i get to the supermarket on foot,directions,9
how do i get to the museum on foot,directions,9
how do i get to the college by bus,directions,9
how do i get to the hotel by bus,directions,9
how do i get to the museum by bus,directions,9
assist me to know how to get to target by bus,directions,11
would you tell me how to get to walmart by bus,directions,11
"i am needing you to tell me how to get to dallas, texas, by bus",directions,15
i need to know how to get to target by bus,directions,11
tell me how to get to target by bus,directions,9
i need to know where the nearest place that has mountain dew is,directions,13
how can i take a bus to dallas,directions,8
what steps do i need to take to take a bus to detroit,directions,13
how can i travel by bus to the grand canyon,directions,10
direct me to the closest korean grocery,directions,7
i want to visit chicago by bus what do i need to do,directions,13
tell me where is the closest coffee shop,directions,8
where can i find the mall closest to here,directions,9
can you tell me where the nearest rest station to me is,directions,12
i want to take a bus to mexico city how do i do that,directions,14
let me know how to get to the starbucks nearby,directions,10
would you give me directions to the closest starbucks restaurant,directions,10
how do i get to the closest starbucks,directions,8
where is the closest starbucks,directions,5
please give me directions to the nearest starbucks,directions,8
could you tell me how to get to the statue of liberty by bus,directions,14
"from here, how do i get to the statue of liberty by bus",directions,13
i want to know how to get to statue of liberty by bus,directions,13
how do i get to statue of liberty by bus,directions,10
which bus should i take to get to the statue of liberty,directions,12
how close is a gas station to mcdonalds,directions,8
"i need to get to a church immediately, please take me to one!",directions,13
take me to the nearest dairy queen,directions,7
can i take a bus to the grand canyon,directions,9
how do i get to the nearest post office,directions,9
where's the nearest gas station,directions,5
how would i walk to the liberty bell from here,directions,10
find me the closest public bathroom,directions,6
guide me to a laundromat near me,directions,7
take me to the closest walmart,directions,6
does the bus go to the washington monument,directions,8
are there any furniture outlets near the mall,directions,8
what's the best way to get to my bank by walking,directions,11
can a bus get me to the statue of liberty,directions,10
is a bar close to my church,directions,7
how do i get to the statue of liberty on foot,directions,11
what's the nearest ups store to walmart,directions,7
is there a tire repair place near the post office,directions,10
how do i get to the leaning tower by bus,directions,10
what's the closest mcdonalds,directions,4
what's the quickest way to a bank,directions,7
i want to see the golden gate bridge and i'm walking on 5th street right now,directions,16
is it possible to take the bus to the brooklyn bridge,directions,11
give me directions to the nearest gas station,directions,8
what's the direction for foot traffic to get to the eiffel tower,directions,12
i need directions to get to olympia by bus,directions,9
what are the directions to get to olympia by bus,directions,10
do you know how i get to olympia by bus,directions,10
is it possible to get to olympia by bus,directions,9
is there a way to go by bus to olympia,directions,10
i need an address for the closest starbucks to home,directions,10
please tell me the location of the nearest target store,directions,10
can you tell me where the atm closest to my current location is,directions,13
"where is the nearest gas station to 20th and market streets, in philadelphia, pa",directions,14
find me the location of the nearest gas station,directions,9
"can you tell me the nearest wells fargo bank location to port authority, new york",directions,15
please tell me the subway station nearest to madison square garden in new york,directions,14
what are the nearest streets to the statue of liberty in new york,directions,13
"search for the nearest atm to newark penn station, newark in new jersey",directions,13
search for the nearest expressway to the airport,directions,8
where is starbucks,directions,3
starbucks near me,directions,3
find me starbucks,directions,3
what's the nearest starbucks,directions,4
"where is the closest chevron gas station in columbus, ohio",directions,10
where is the nearest denny's to gillette stadium,directions,8
"where is the closest walmart to boise, idaho",directions,8
where is the closest applebees to the empire state building,directions,10
"where is the closest dog groomer in charlotte, north carolina",directions,10
i want to know the nearest bank's location,directions,8
i need to know the nearest bank's location,directions,8
i want to get directions to the closest atm,directions,9
i would like to know where the closest gas station is,directions,11
i want directions to the closest atm,directions,7
give me the location for the nearest bank,directions,8
i need to know directions to the nearest gas station,directions,10
can you tell me the nearest restaurant to me and give me directions,directions,13
can you tell me the location of the nearest bank,directions,10
where is the closest mcdonalds,directions,5
how would i get to city hall via bus,directions,9
how's everything,greeting,2
how are things going,greeting,4
"hello, anyone there",greeting,3
are you okay right now,greeting,5
are you doing okay,greeting,4
how's it going right now,greeting,5
ahoy hoy,greeting,2
hey there!,greeting,2
how is everything with you,greeting,5
hey hey!,greeting,2
how have you been doing,greeting,5
it's nice to see you,greeting,5
hello there!,greeting,2
how is it going,greeting,4
how are things with you,greeting,5
hiya!,greeting,1
what's up,greeting,2
how're you doing,greeting,3
it's good to see you,greeting,5
is everything going okay,greeting,4
how is everything going,greeting,4
how goes it,greeting,3
"hello, ai",greeting,2
"hey, ai",greeting,2
"wake up, ai",greeting,3
good day,greeting,2
greetings to you,greeting,3
"hello, friend",greeting,2
whats up with you,greeting,4
hey there fellow,greeting,3
whats up,greeting,2
"yo, hows it going",greeting,4
how are things for you,greeting,5
are things going well for you,greeting,6
hello siri,greeting,2
hi there alexa,greeting,3
"how are you doing, ai",greeting,5
ai how are you doing today,greeting,6
"how are you doing today, ai",greeting,6
how is my ai doing,greeting,5
ai how are you doing on this fine day,greeting,9
heller,greeting,1
so how is everything,greeting,4
how are you this day,greeting,5
hi how are you,greeting,4
how is everything going for you,greeting,6
hi how is everything,greeting,4
well hello,greeting,2
just wanted to say hi,greeting,5
how is your day,greeting,4
why hello,greeting,2
are you well,greeting,3
hola,greeting,1
good to see you,greeting,4
how've you been feeling,greeting,4
how are things,greeting,3
are you doing well,greeting,4
good evening,greeting,2
yo,greeting,1
"ai, how are you feeling",greeting,5
how is the ai doing,greeting,5
"ai, how are you doing",greeting,5
hi ai,greeting,2
have you been good,greeting,4
is everything ok with you,greeting,5
how have you been,greeting,4
are you doing ok,greeting,4
how are you,greeting,3
how's life,greeting,2
what's up with you,greeting,4
what's going on,greeting,3
how's it going with you,greeting,5
how's ife treating you,greeting,4
hello how's it going,greeting,4
how are you today,greeting,4
can you tell me how you're doing today,greeting,8
how are you this fine day,greeting,6
how are things treating you,greeting,5
aloha,greeting,1
are you feeling okay,greeting,4
how do you feel,greeting,4
bonjour,greeting,1
how are things going for you,greeting,6
what do you feel like doing,greeting,6
"hello, what's up",greeting,3
hey how's life,greeting,3
hi there,greeting,2
hey how's it hanging,greeting,4
tell me how you've been,greeting,5
how is life treating you,greeting,5
"hi there, how are things",greeting,5
"hello, how are you",greeting,4
"hey, how's it going",greeting,4
"hello, are you doing alright",greeting,5
hi! are you doing okay,greeting,5
what's happening,greeting,2
hey what's up,greeting,3
"why, hello bandit",greeting,3
"howdy, what's new",greeting,3
salutations!,greeting,1
"please, recite to me some good one liners",tell_joke,8
do you know any good jokes about zebras,tell_joke,8
can you tell me any truly funny knock knock jokes,tell_joke,10
what do people find funny about food,tell_joke,7
what are some funny things about food,tell_joke,7
show me something funny about food,tell_joke,6
indicate something funny on the topic of food,tell_joke,8
what's a good joke,tell_joke,4
i'd love to hear a joke,tell_joke,6
can you tell a joke,tell_joke,5
would you tell me a joke,tell_joke,6
how about you tell me a joke,tell_joke,7
will you tell a joke,tell_joke,5
please tell me a joke,tell_joke,5
make me laugh,tell_joke,3
do you have any jokes,tell_joke,5
tell me something funny,tell_joke,4
hit me with a good joke,tell_joke,6
what's the funniest joke you know,tell_joke,6
tell me a joke if you'd like to,tell_joke,8
tell me a funny joke,tell_joke,5
i'd like you to tell me a joke,tell_joke,8
do you know any good jokes,tell_joke,6
know any jokes,tell_joke,3
i wanna hear something funny,tell_joke,5
i would like to listen to a funny joke,tell_joke,9
what jokes do you know,tell_joke,5
could you please tell me a good joke,tell_joke,8
what funny jokes do you know,tell_joke,6
can you make me laugh,tell_joke,5
can you tell me a few funny jokes,tell_joke,8
tell me something funny about parenting,tell_joke,6
do you have a list of funny jokes,tell_joke,8
i want to hear something funny,tell_joke,6
tell me something funny about animals,tell_joke,6
tell me something funny about politics,tell_joke,6
tell me something amusing,tell_joke,4
say something funny,tell_joke,3
tell me something funny about adulthood,tell_joke,6
tell me something funny about americans,tell_joke,6
could you please share a joke with me,tell_joke,8
i could really use a laugh right now,tell_joke,8
would you like to tell me a joke,tell_joke,8
can you tell me a joke,tell_joke,6
i'd like to hear a joke,tell_joke,6
i want to hear you tell a joke,tell_joke,8
tell me a joke,tell_joke,4
tell me a joke about politicians,tell_joke,6
tell me something that'll make me laugh,tell_joke,7
tell me a joke about cows,tell_joke,6
do you know anything funny about cats,tell_joke,7
tell me a joke about jobs,tell_joke,6
what's the funniest thing you know about artificial intelligence,tell_joke,9
can you tell me a joke about politicians,tell_joke,8
tell me a joke about cars,tell_joke,6
can you tell me something funny,tell_joke,6
do you know any good jokes about lawyers,tell_joke,8
what’s your favorite funny joke,tell_joke,5
make me laugh with a funny joke,tell_joke,7
what funny joke do you know,tell_joke,6
i want to hear a joke that’s funny,tell_joke,8
tell me a dirty joke,tell_joke,5
tell me a non-offensive joke,tell_joke,5
i would like to hear a funny joke,tell_joke,8
look for funny jokes,tell_joke,4
what are some funny jokes,tell_joke,5
tell me something funny about pizza,tell_joke,6
tell me something funny about people,tell_joke,6
tell me something funny about love,tell_joke,6
say something hilarious,tell_joke,3
make me giggle,tell_joke,3
i need a good laugh,tell_joke,5
heard any good jokes lately,tell_joke,5
tell me a pun,tell_joke,4
what's the latest joke you've heard,tell_joke,6
tell me a joke about dogs,tell_joke,6
let me know something funny,tell_joke,5
tell me a joke about cats,tell_joke,6
tell me something funny now,tell_joke,5
i wanna know something funny,tell_joke,5
tell me something funny about rats,tell_joke,6
tell me a joke about animals,tell_joke,6
tell me a joke about lawyers,tell_joke,6
tell me a joke about rats,tell_joke,6
tell me something funny about cats,tell_joke,6
tell me something funny about dogs,tell_joke,6
i need to know somthing funny,tell_joke,6
do you have anything funny to tell me,tell_joke,8
do you have any jokes to tell me,tell_joke,8
mind sharing a joke,tell_joke,4
could you share a joke,tell_joke,5
i love dad jokes can you tell me one,tell_joke,9
i would love to hear a joke about the dmv,tell_joke,10
can you tell me some dog jokes,tell_joke,7
please tell me a joke about dinosaurs,tell_joke,7
i'd like to hear a joke about donkeys,tell_joke,8
tell me a joke about baseball,tell_joke,6
what's the funniest thing you know about peanuts,tell_joke,8
i need a good joke about office parties,tell_joke,8
give me a joke about horses,tell_joke,6
